index,real,pred,error
613,65.95,69.6,3.649998474121091
634,65.9,69.82,3.919999694824213
