监测站点,SiteLon,SiteLat,SiteAltitude
徐家窝棚,126.259,45.656,161
苇塘沟屯,126.279,45.661,0
松山小学,126.275,45.685,0
太安村委会,126.273,45.69,0
林场村,126.323,45.682,0
西下坎,126.298,45.671,0
半岛世家,126.279,45.631,0
立功村,126.274,45.63,0
姚家窝棚,126.196,45.597,0
厢白五屯,126.186,45.564,0
厢白二屯,126.165,45.557,0
厢白头屯,126.181,45.535,0
农丰满族锡伯族镇中心学校,126.12,45.5,0
八里堡,126.289,45.651,0
test1,66.666666,128.128128,161.8
